,equity
2015-01-02,100000.0
2015-01-05,100000.0
2015-01-06,100000.0
2015-01-07,100000.0
2015-01-08,100000.0
2015-01-09,100000.0
2015-01-12,100000.0
2015-01-13,100000.0
2015-01-14,100000.0
2015-01-15,100000.0
2015-01-16,100000.0
2015-01-20,100000.0
2015-01-21,100000.0
2015-01-22,100000.0
2015-01-23,100000.0
2015-01-26,100000.0
2015-01-27,100000.0
2015-01-28,100000.0
2015-01-29,100000.0
2015-01-30,100000.0
2015-02-02,100000.0
2015-02-03,100000.0
2015-02-04,100000.0
2015-02-05,100000.0
2015-02-06,100000.0
2015-02-09,100000.0
2015-02-10,100000.0
2015-02-11,100000.0
2015-02-12,100000.0
2015-02-13,100000.0
2015-02-17,100000.0
2015-02-18,100000.0
2015-02-19,100000.0
2015-02-20,100000.0
2015-02-23,100000.0
2015-02-24,100000.0
2015-02-25,100000.0
2015-02-26,100000.0
2015-02-27,100000.0
2015-03-02,100000.0
2015-03-03,100000.0
2015-03-04,100000.0
2015-03-05,100000.0
2015-03-06,100000.0
2015-03-09,100000.0
2015-03-10,100000.0
2015-03-11,100000.0
2015-03-12,100000.0
2015-03-13,100000.0
2015-03-16,100000.0
2015-03-17,100000.0
2015-03-18,100000.0
2015-03-19,100000.0
2015-03-20,100000.0
2015-03-23,100000.0
2015-03-24,100000.0
2015-03-25,100000.0
2015-03-26,100000.0
2015-03-27,100000.0
2015-03-30,100000.0
2015-03-31,100000.0
2015-04-01,100000.0
2015-04-02,100000.0
2015-04-06,100000.0
2015-04-07,100000.0
2015-04-08,100000.0
2015-04-09,100000.0
2015-04-10,100000.0
2015-04-13,100000.0
2015-04-14,100000.0
2015-04-15,100000.0
2015-04-16,100000.0
2015-04-17,100000.0
2015-04-20,100000.0
2015-04-21,100000.0
2015-04-22,100000.0
2015-04-23,100000.0
2015-04-24,100000.0
2015-04-27,100000.0
2015-04-28,100000.0
2015-04-29,100000.0
2015-04-30,100000.0
2015-05-01,100000.0
2015-05-04,100000.0
2015-05-05,100000.0
2015-05-06,100000.0
2015-05-07,100000.0
2015-05-08,100000.0
2015-05-11,100000.0
2015-05-12,100000.0
2015-05-13,100000.0
2015-05-14,100000.0
2015-05-15,100000.0
2015-05-18,100000.0
2015-05-19,100000.0
2015-05-20,100000.0
2015-05-21,100000.0
2015-05-22,100000.0
2015-05-26,100000.0
2015-05-27,100000.0
2015-05-28,100000.0
2015-05-29,100000.0
2015-06-01,100000.0
2015-06-02,100000.0
2015-06-03,100000.0
2015-06-04,100000.0
2015-06-05,100000.0
2015-06-08,100000.0
2015-06-09,100000.0
2015-06-10,100000.0
2015-06-11,100000.0
2015-06-12,100000.0
2015-06-15,100000.0
2015-06-16,100000.0
2015-06-17,100000.0
2015-06-18,100000.0
2015-06-19,100000.0
2015-06-22,100000.0
2015-06-23,100000.0
2015-06-24,100000.0
2015-06-25,100000.0
2015-06-26,100000.0
2015-06-29,100000.0
2015-06-30,100000.0
2015-07-01,100000.0
2015-07-02,100000.0
2015-07-06,100000.0
2015-07-07,100000.0
2015-07-08,100000.0
2015-07-09,100000.0
2015-07-10,100000.0
2015-07-13,100000.0
2015-07-14,100000.0
2015-07-15,100000.0
2015-07-16,100000.0
2015-07-17,100000.0
2015-07-20,100000.0
2015-07-21,100000.0
2015-07-22,100000.0
2015-07-23,100000.0
2015-07-24,100000.0
2015-07-27,100000.0
2015-07-28,100000.0
2015-07-29,100000.0
2015-07-30,100000.0
2015-07-31,100000.0
2015-08-03,100000.0
2015-08-04,100000.0
2015-08-05,100000.0
2015-08-06,100000.0
2015-08-07,100000.0
2015-08-10,100000.0
2015-08-11,100000.0
2015-08-12,100000.0
2015-08-13,100000.0
2015-08-14,100000.0
2015-08-17,100000.0
2015-08-18,100000.0
2015-08-19,100000.0
2015-08-20,100000.0
2015-08-21,100000.0
2015-08-24,100000.0
2015-08-25,100000.0
2015-08-26,100000.0
2015-08-27,100000.0
2015-08-28,100000.0
2015-08-31,100000.0
2015-09-01,100000.0
2015-09-02,100000.0
2015-09-03,100000.0
2015-09-04,100000.0
2015-09-08,100000.0
2015-09-09,100000.0
2015-09-10,100000.0
2015-09-11,100000.0
2015-09-14,100000.0
2015-09-15,100000.0
2015-09-16,100000.0
2015-09-17,100000.0
2015-09-18,100000.0
2015-09-21,100000.0
2015-09-22,100000.0
2015-09-23,100000.0
2015-09-24,100000.0
2015-09-25,100000.0
2015-09-28,100000.0
2015-09-29,100000.0
2015-09-30,100000.0
2015-10-01,100000.0
2015-10-02,100000.0
2015-10-05,100000.0
2015-10-06,100000.0
2015-10-07,100000.0
2015-10-08,100000.0
2015-10-09,100000.0
2015-10-12,100000.0
2015-10-13,100000.0
2015-10-14,100000.0
2015-10-15,100000.0
2015-10-16,100000.0
2015-10-19,100000.0
2015-10-20,100000.0
2015-10-21,100000.0
2015-10-22,100000.0
2015-10-23,100000.0
2015-10-26,100000.0
2015-10-27,100000.0
2015-10-28,100000.0
2015-10-29,100000.0
2015-10-30,100000.0
2015-11-02,100007.38379559519
2015-11-03,99899.22379559517
2015-11-04,100285.07379559515
2015-11-05,100579.90379559515
2015-11-06,101171.74379559516
2015-11-09,99878.09379559515
2015-11-10,100358.56379559518
2015-11-11,100277.18379559515
2015-11-12,98939.87379559515
2015-11-13,97375.09379559515
2015-11-16,98527.84379559517
2015-11-17,98817.06379559517
2015-11-18,100390.98379559517
2015-11-19,100585.58379559519
2015-11-20,101455.03379559517
2015-11-23,101558.7037955952
2015-11-24,101691.06379559518
2015-11-25,102222.41379559516
2015-11-27,102591.61379559519
2015-11-30,101745.75379559514
2015-12-01,102881.66132344247
2015-12-02,102237.46132344246
2015-12-03,100644.54132344243
2015-12-04,102891.97132344244
2015-12-07,102128.90132344246
2015-12-08,102389.6713234425
2015-12-09,100656.96132344246
2015-12-10,100960.16132344244
2015-12-11,99039.30132344246
2015-12-14,99333.58132344247
2015-12-15,100166.86132344243
2015-12-16,101431.14132344245
2015-12-17,100060.81132344245
2015-12-18,98761.44132344244
2015-12-21,99423.99132344247
2015-12-22,99762.85132344246
2015-12-23,100199.44132344247
2015-12-24,100097.75132344247
2015-12-28,100217.68132344242
2015-12-29,101251.78132344245
2015-12-30,100623.51132344245
2015-12-31,99571.50132344246
2016-01-04,97191.72936051367
2016-01-05,97804.8293605137
2016-01-06,97166.68936051364
2016-01-07,95054.91936051367
2016-01-08,94120.56936051369
2016-01-11,94373.71936051373
2016-01-12,95287.50936051366
2016-01-13,92572.5193605137
2016-01-14,93445.04936051367
2016-01-15,91476.57936051373
2016-01-19,91596.42936051368
2016-01-20,90867.73936051367
2016-01-21,91043.97936051368
2016-01-22,92855.05936051368
2016-01-25,91743.13936051368
2016-01-26,92728.61936051371
2016-01-27,91149.6193605137
2016-01-28,92053.7493605137
2016-01-29,94273.6293605137
2016-02-01,94785.8237747288
2016-02-02,93644.70377472883
2016-02-03,92992.70377472874
2016-02-04,91947.37377472875
2016-02-05,89560.30377472877
2016-02-08,88111.09377472877
2016-02-09,88496.25377472877
2016-02-10,88862.86377472877
2016-02-11,88483.29377472878
2016-02-12,89244.21377472878
2016-02-16,90735.24377472878
2016-02-17,91831.49377472878
2016-02-18,91439.62377472875
2016-02-19,92046.4237747288
2016-02-22,93110.42377472877
2016-02-23,92616.19377472879
2016-02-24,93024.0137747288
2016-02-25,94226.14377472877
2016-02-26,93366.53377472878
2016-02-29,92835.14377472877
2016-03-01,94518.44346564532
2016-03-02,94742.88346564531
2016-03-03,94808.3134656453
2016-03-04,94756.44346564532
2016-03-07,94001.52346564534
2016-03-08,94034.82346564533
2016-03-09,94424.65346564532
2016-03-10,94594.68346564531
2016-03-11,95630.39346564535
2016-03-14,95655.21346564531
2016-03-15,95827.13346564533
2016-03-16,96551.88346564534
2016-03-17,97167.7134656453
2016-03-18,96934.72346564534
2016-03-21,96724.63346564533
2016-03-22,96848.09346564529
2016-03-23,96855.97346564532
2016-03-24,96668.10346564533
2016-03-28,97099.86346564532
2016-03-29,98534.10346564534
2016-03-30,98720.61346564532
2016-03-31,98638.2034656453
2016-04-01,99410.98140955923
2016-04-04,98973.00140955925
2016-04-05,97895.92140955925
2016-04-06,98531.49140955927
2016-04-07,97960.10140955921
2016-04-08,98270.88140955924
2016-04-11,97819.13140955924
2016-04-12,98200.36140955922
2016-04-13,98000.38140955925
2016-04-14,97554.51140955924
2016-04-15,97999.50140955926
2016-04-18,98538.75140955926
2016-04-19,98386.92140955928
2016-04-20,97271.29140955926
2016-04-21,95780.46140955926
2016-04-22,95727.33140955924
2016-04-25,96036.38140955924
2016-04-26,95869.44140955924
2016-04-27,96232.01140955924
2016-04-28,95772.32140955924
2016-04-29,95764.26140955926
2016-05-02,96983.88961520433
2016-05-03,96473.40961520433
2016-05-04,96536.55961520431
2016-05-05,96692.74961520432
2016-05-06,97271.18961520433
2016-05-09,97492.3796152043
2016-05-10,98262.62961520435
2016-05-11,97827.21961520432
2016-05-12,98236.96961520438
2016-05-13,98160.80961520436
2016-05-16,98973.33961520431
2016-05-17,97480.08961520434
2016-05-18,96719.53961520434
2016-05-19,96653.78961520434
2016-05-20,97058.12961520432
2016-05-23,96931.35961520433
2016-05-24,98119.56961520434
2016-05-25,98176.14961520434
2016-05-26,98726.62961520438
2016-05-27,99367.97961520434
2016-05-31,99265.84961520432
2016-06-01,99714.63762246369
2016-06-02,99857.50762246372
2016-06-03,100092.1076224637
2016-06-06,100253.17762246369
2016-06-07,100664.55762246372
2016-06-08,101036.18762246372
2016-06-09,101430.5076224637
2016-06-10,100404.70762246371
2016-06-13,99955.59762246371
2016-06-14,99992.22762246369
2016-06-15,100101.4476224637
2016-06-16,100451.27762246372
2016-06-17,100272.8676224637
2016-06-20,100785.2476224637
2016-06-21,101189.80762246373
2016-06-22,100895.7876224637
2016-06-23,102004.82762246366
2016-06-24,99362.76762246373
2016-06-27,98058.87762246371
2016-06-28,99704.29762246367
2016-06-29,101084.8576224637
2016-06-30,102752.98762246373
2016-07-01,102880.87171262027
2016-07-05,103061.46171262025
2016-07-06,103526.37171262027
2016-07-07,102874.40171262024
2016-07-08,104091.81171262026
2016-07-11,104307.53171262024
2016-07-12,104382.09171262025
2016-07-13,104506.60171262025
2016-07-14,104470.98171262025
2016-07-15,104378.75171262027
2016-07-18,104627.80171262025
2016-07-19,104544.44171262026
2016-07-20,104553.24171262022
2016-07-21,104038.87171262028
2016-07-22,105200.77171262025
2016-07-25,105385.85171262028
2016-07-26,105553.69171262022
2016-07-27,105198.37171262025
2016-07-28,105644.59171262024
2016-07-29,106310.37171262028
2016-08-01,106363.20044474363
2016-08-02,105310.24044474366
2016-08-03,105214.7804447436
2016-08-04,105263.40044474365
2016-08-05,105563.01044474363
2016-08-08,105155.0904447436
2016-08-09,105362.20044474365
2016-08-10,105092.25044474365
2016-08-11,105415.71044474361
2016-08-12,105533.55044474364
2016-08-15,105855.11044474364
2016-08-16,104753.76044474365
2016-08-17,104814.98044474362
2016-08-18,105537.33044474361
2016-08-19,106003.45044474363
2016-08-22,106031.68044474367
2016-08-23,106242.39044474364
2016-08-24,105089.64044474362
2016-08-25,104709.28044474366
2016-08-26,104368.11044474362
2016-08-29,105069.93044474363
2016-08-30,104197.88044474364
2016-08-31,103896.93044474364
2016-09-01,104180.18993341686
2016-09-02,104473.79993341687
2016-09-06,104628.42993341682
2016-09-07,104597.75993341682
2016-09-08,103801.97993341685
2016-09-09,100569.35993341682
2016-09-12,102166.02993341681
2016-09-13,100557.05993341681
2016-09-14,100745.30993341687
2016-09-15,101897.75993341688
2016-09-16,101723.40993341684
2016-09-19,102445.69993341684
2016-09-20,102500.35993341685
2016-09-21,104096.65993341684
2016-09-22,104884.39993341685
2016-09-23,104328.65993341686
2016-09-26,103935.02993341684
2016-09-27,104483.49993341684
2016-09-28,105127.55993341687
2016-09-29,104060.89993341685
2016-09-30,104266.77993341682
2016-10-03,103288.42547220466
2016-10-04,101903.10547220467
2016-10-05,102649.09547220472
2016-10-06,102649.19547220468
2016-10-07,101669.17547220466
2016-10-10,102459.0654722047
2016-10-11,100975.32547220467
2016-10-12,101295.71547220468
2016-10-13,100484.76547220469
2016-10-14,100232.97547220468
2016-10-17,99746.8854722047
2016-10-18,100451.45547220466
2016-10-19,101577.8654722047
2016-10-20,101668.6354722047
2016-10-21,101154.30547220467
2016-10-24,101690.53547220469
2016-10-25,101152.14547220472
2016-10-26,100469.30547220467
2016-10-27,99777.37547220472
2016-10-28,99834.3754722047
2016-10-31,100366.63547220471
2016-11-01,99426.96824285267
2016-11-02,97797.18824285269
2016-11-03,97424.08824285265
2016-11-04,97256.97824285265
2016-11-07,99480.30824285268
2016-11-08,100278.93824285269
2016-11-09,101902.97824285267
2016-11-10,102341.56824285268
2016-11-11,102644.4882428527
2016-11-14,102885.2682428527
2016-11-15,104401.68824285269
2016-11-16,104468.52824285267
2016-11-17,105763.1482428527
2016-11-18,105963.62824285269
2016-11-21,107366.54824285267
2016-11-22,107642.13824285271
2016-11-23,108147.54824285269
2016-11-25,108202.00824285268
2016-11-28,106897.37824285266
2016-11-29,106748.56824285272
2016-11-30,108501.72824285273
2016-12-01,106846.19730004075
2016-12-02,107127.91730004075
2016-12-05,108303.56730004074
2016-12-06,109203.37730004072
2016-12-07,110640.67730004071
2016-12-08,111268.83730004072
2016-12-09,110639.89730004073
2016-12-12,109689.15730004074
2016-12-13,109779.55730004075
2016-12-14,109284.85730004075
2016-12-15,110147.01730004072
2016-12-16,109542.35730004072
2016-12-19,109619.89730004073
2016-12-20,110853.2773000407
2016-12-21,110905.2773000407
2016-12-22,110879.98730004071
2016-12-23,111296.1573000407
2016-12-27,111887.41730004072
2016-12-28,110093.00730004071
2016-12-29,109750.72730004071
2016-12-30,109295.15730004074
2017-01-03,110474.77944478749
2017-01-04,111597.4194447875
2017-01-05,111201.43944478748
2017-01-06,111500.1294447875
2017-01-09,111124.77944478752
2017-01-10,111453.17944478751
2017-01-11,111740.0494447875
2017-01-12,110812.13944478749
2017-01-13,111259.06944478748
2017-01-17,109254.43944478752
2017-01-18,110253.29944478755
2017-01-19,110014.5394447875
2017-01-20,110283.28944478756
2017-01-23,109923.38944478754
2017-01-24,111980.75944478752
2017-01-25,113363.92944478754
2017-01-26,113786.2394447875
2017-01-27,113522.56944478747
2017-01-30,112292.45944478751
2017-01-31,112038.28944478744
2017-02-01,112851.88137037036
2017-02-02,112837.8713703704
2017-02-03,114130.91137037038
2017-02-06,114143.83137037039
2017-02-07,113998.0213703704
2017-02-08,113876.29137037037
2017-02-09,114708.71137037037
2017-02-10,114856.27137037036
2017-02-13,115334.77137037039
2017-02-14,115582.95137037037
2017-02-15,116013.9013703704
2017-02-16,115413.00137037034
2017-02-17,115973.38137037038
2017-02-21,116921.56137037039
2017-02-22,116451.55137037038
2017-02-23,115412.92137037039
2017-02-24,115381.48137037041
2017-02-27,116193.69137037035
2017-02-28,115627.44137037039
2017-03-01,118326.48087209463
2017-03-02,116365.18087209461
2017-03-03,116867.45087209463
2017-03-06,116403.48087209462
2017-03-07,115999.22087209461
2017-03-08,115894.15087209461
2017-03-09,115751.91087209464
2017-03-10,116331.29087209463
2017-03-13,117051.10087209461
2017-03-14,116414.7408720946
2017-03-15,117138.28087209465
2017-03-16,116992.3308720946
2017-03-17,116733.30087209464
2017-03-20,116684.36087209462
2017-03-21,113031.73087209467
2017-03-22,113849.82087209463
2017-03-23,113884.68087209464
2017-03-24,114273.2208720946
2017-03-27,114144.05087209465
2017-03-28,115288.88087209465
2017-03-29,115269.38087209464
2017-03-30,116345.32087209464
2017-03-31,116062.89087209465
2017-04-03,115689.99134081602
2017-04-04,115581.41134081603
2017-04-05,114570.67134081604
2017-04-06,115216.33134081602
2017-04-07,115275.72134081602
2017-04-10,115100.051340816
2017-04-11,114976.95134081606
2017-04-12,113808.37134081598
2017-04-13,112852.23134081601
2017-04-17,114010.74134081605
2017-04-18,113515.15134081601
2017-04-19,114002.821340816
2017-04-20,115410.18134081602
2017-04-21,114857.851340816
2017-04-24,116683.731340816
2017-04-25,117757.37134081601
2017-04-26,117267.64134081604
2017-04-27,118079.08134081603
2017-04-28,117766.91134081596
2017-05-01,118658.78888743164
2017-05-02,117889.23888743165
2017-05-03,117732.58888743162
2017-05-04,118016.20888743161
2017-05-05,118680.1488874316
2017-05-08,118356.65888743164
2017-05-09,118973.9888874316
2017-05-10,120105.60888743162
2017-05-11,119840.2988874316
2017-05-12,119496.68888743159
2017-05-15,120684.39888743161
2017-05-16,121598.52888743163
2017-05-17,116743.24888743159
2017-05-18,117675.30888743162
2017-05-19,118907.68888743162
2017-05-22,120112.13888743168
2017-05-23,120596.22888743163
2017-05-24,121196.80888743162
2017-05-25,122741.6088874316
2017-05-26,122537.6888874316
2017-05-30,122619.49888743162
2017-05-31,122395.92888743161
2017-06-01,123413.65518801445
2017-06-02,123952.21518801448
2017-06-05,123734.9651880145
2017-06-06,123691.19518801446
2017-06-07,124507.0151880145
2017-06-08,125649.44518801452
2017-06-09,122957.9151880145
2017-06-12,122253.59518801447
2017-06-13,123162.6051880145
2017-06-14,122638.01518801453
2017-06-15,122211.61518801453
2017-06-16,121923.76518801448
2017-06-19,123894.5151880145
2017-06-20,122741.50518801446
2017-06-21,123553.8651880145
2017-06-22,123404.01518801451
2017-06-23,123610.2251880145
2017-06-26,123140.55518801449
2017-06-27,121117.45518801452
2017-06-28,122751.13518801452
2017-06-29,121012.45518801454
2017-06-30,120846.09518801453
2017-07-03,120422.26596949335
2017-07-05,121561.63596949339
2017-07-06,120623.47596949337
2017-07-07,121676.6659694934
2017-07-10,122031.00596949336
2017-07-11,122373.85596949342
2017-07-12,123883.5759694934
2017-07-13,123900.14596949342
2017-07-14,124569.36596949337
2017-07-17,124441.70596949337
2017-07-18,124687.54596949341
2017-07-19,124879.7359694934
2017-07-20,124781.22596949336
2017-07-21,124518.56596949336
2017-07-24,124880.1359694934
2017-07-25,125054.03596949342
2017-07-26,125080.21596949337
2017-07-27,123897.37596949341
2017-07-28,123934.11596949339
2017-07-31,123429.27596949339
2017-08-01,123656.56516402007
2017-08-02,122884.61516402006
2017-08-03,123230.2451640201
2017-08-04,124416.17516402007
2017-08-07,125571.57516402009
2017-08-08,125513.85516402009
2017-08-09,124865.89516402008
2017-08-10,121793.25516402007
2017-08-11,122239.73516402005
2017-08-14,124214.86516402006
2017-08-15,124316.42516402008
2017-08-16,124811.67516402008
2017-08-17,122173.51516402011
2017-08-18,122325.41516402003
2017-08-21,121980.17516402005
2017-08-22,124035.49516402006
2017-08-23,123821.25516402004
2017-08-24,123766.79516402
2017-08-25,123397.45516402011
2017-08-28,123779.80516402007
2017-08-29,123567.42516402008
2017-08-30,125006.83516402004
2017-08-31,125582.46516402005
2017-09-01,126012.26186623338
2017-09-05,124866.7618662333
2017-09-06,124931.98186623333
2017-09-07,125562.45186623334
2017-09-08,124878.63186623334
2017-09-11,126800.27186623334
2017-09-12,127083.96186623334
2017-09-13,126892.89186623336
2017-09-14,126974.49186623337
2017-09-15,127626.05186623333
2017-09-18,128341.34186623337
2017-09-19,128533.11186623335
2017-09-20,128205.44186623333
2017-09-21,127589.30186623336
2017-09-22,128081.15186623335
2017-09-25,125376.40186623334
2017-09-26,125432.11186623333
2017-09-27,127210.09186623334
2017-09-28,127705.10186623337
2017-09-29,128847.61186623335
2017-10-02,129028.03621880291
2017-10-03,129491.7462188029
2017-10-04,130039.24621880293
2017-10-05,130780.98621880292
2017-10-06,131472.22621880297
2017-10-09,131329.27621880296
2017-10-10,131506.33621880296
2017-10-11,131875.99621880293
2017-10-12,131965.79621880298
2017-10-13,132349.84621880297
2017-10-16,132519.81621880294
2017-10-17,132462.57621880295
2017-10-18,132692.75621880294
2017-10-19,132632.03621880288
2017-10-20,133628.40621880296
2017-10-23,133449.61621880293
2017-10-24,133665.7062188029
2017-10-25,132539.76621880295
2017-10-26,133819.37621880294
2017-10-27,135974.89621880293
2017-10-30,135587.49621880293
2017-10-31,136547.23621880292
2017-11-01,136351.07261578323
2017-11-02,136361.6526157832
2017-11-03,137779.6126157832
2017-11-06,138593.8226157832
2017-11-07,138600.52261578327
2017-11-08,139504.1226157832
2017-11-09,138177.5226157832
2017-11-10,138352.7426157832
2017-11-13,138843.97261578322
2017-11-14,138945.38261578325
2017-11-15,138062.2426157832
2017-11-16,139798.25261578322
2017-11-17,140123.74261578327
2017-11-20,141179.80261578318
2017-11-21,142542.04261578323
2017-11-22,142080.54261578323
2017-11-24,142891.07261578317
2017-11-27,141814.76261578317
2017-11-28,142588.01261578323
2017-11-29,138692.84261578321
2017-11-30,139878.93261578318
2017-12-01,138683.7407474208
2017-12-04,135848.64074742078
2017-12-05,135923.09074742073
2017-12-06,136236.67074742078
2017-12-07,138046.1707474208
2017-12-08,138757.39074742078
2017-12-11,138949.06074742082
2017-12-12,138216.86074742075
2017-12-13,138660.93074742076
2017-12-14,137841.5407474208
2017-12-15,139106.84074742076
2017-12-18,140415.6707474208
2017-12-19,140104.3707474208
2017-12-20,140233.15074742082
2017-12-21,139631.2207474208
2017-12-22,139637.22074742083
2017-12-26,139591.3307474208
2017-12-27,140035.40074742076
2017-12-28,140114.3507474208
2017-12-29,139251.5207474208
2018-01-02,140412.2597027659
2018-01-03,141613.55970276592
2018-01-04,141989.979702766
2018-01-05,143622.31970276596
2018-01-08,145261.2597027659
2018-01-09,145523.32970276597
2018-01-10,145322.62970276593
2018-01-11,147067.36970276598
2018-01-12,147853.23970276598
2018-01-16,146558.64970276598
2018-01-17,148799.0397027659
2018-01-18,149200.65970276596
2018-01-19,150675.82970276594
2018-01-22,151899.2697027659
2018-01-23,152546.2597027659
2018-01-24,151983.96970276596
2018-01-25,152359.20970276595
2018-01-26,154220.26970276595
2018-01-29,152698.68970276593
2018-01-30,151232.0897027659
2018-01-31,151547.66970276597
2018-02-01,151348.4194258952
2018-02-02,148826.24942589516
2018-02-05,143432.68942589522
2018-02-06,145386.07942589512
2018-02-07,145505.72942589517
2018-02-08,139220.20942589518
2018-02-09,141167.84942589523
2018-02-12,143474.8894258952
2018-02-13,144846.3194258952
2018-02-14,148064.35942589524
2018-02-15,149849.13942589524
2018-02-16,148870.58942589522
2018-02-20,149293.14942589524
2018-02-21,148874.1794258952
2018-02-22,149375.3794258952
2018-02-23,151387.30942589513
2018-02-26,152945.4694258952
2018-02-27,151017.64942589524
2018-02-28,150340.3994258952
2018-03-01,147965.43138176677
2018-03-02,149731.56138176678
2018-03-05,152064.3113817668
2018-03-06,153887.62138176677
2018-03-07,154169.61138176676
2018-03-08,154659.96138176677
2018-03-09,157067.4013817668
2018-03-12,157205.3713817668
2018-03-13,156220.88138176675
2018-03-14,156891.1213817668
2018-03-15,156153.08138176677
2018-03-16,156649.6213817668
2018-03-19,154765.3613817668
2018-03-20,156845.6013817668
2018-03-21,157134.78138176684
2018-03-22,152939.8213817668
2018-03-23,149785.4513817668
2018-03-26,154439.6913817668
2018-03-27,150034.2613817668
2018-03-28,148278.3913817668
2018-03-29,151440.9713817668
2018-04-02,147682.92344427822
2018-04-03,149464.16344427824
2018-04-04,150991.54344427818
2018-04-05,152495.80344427825
2018-04-06,148894.3234442782
2018-04-09,149538.87344427823
2018-04-10,153159.3434442783
2018-04-11,152619.3234442782
2018-04-12,154574.80344427828
2018-04-13,153388.28344427826
2018-04-16,154896.88344427818
2018-04-17,157948.30344427825
2018-04-18,158894.69344427827
2018-04-19,157681.87344427823
2018-04-20,156424.98344427822
2018-04-23,155667.93344427826
2018-04-24,152568.95344427822
2018-04-25,151993.6934442782
2018-04-26,154083.9934442782
2018-04-27,153545.32344427824
2018-04-30,152226.13344427827
2018-05-01,151168.15401695963
2018-05-02,150527.30401695968
2018-05-03,151149.81401695963
2018-05-04,151976.45401695961
2018-05-07,153610.3740169597
2018-05-08,154542.89401695968
2018-05-09,157367.26401695967
2018-05-10,158597.59401695966
2018-05-11,158662.2640169596
2018-05-14,158084.23401695967
2018-05-15,157844.51401695967
2018-05-16,158870.50401695963
2018-05-17,159810.3640169597
2018-05-18,159699.9740169597
2018-05-21,161862.43401695965
2018-05-22,160805.95401695967
2018-05-23,162284.4840169597
2018-05-24,163303.75401695966
2018-05-25,162891.3640169597
2018-05-29,162574.86401695968
2018-05-30,164444.7540169597
2018-05-31,163147.92401695965
2018-06-01,165586.19839615587
2018-06-04,166839.01839615588
2018-06-05,168005.83839615586
2018-06-06,168831.31839615587
2018-06-07,167131.23839615582
2018-06-08,168375.2583961558
2018-06-11,169135.06839615584
2018-06-12,170599.3183961558
2018-06-13,170457.38839615585
2018-06-14,171427.6183961558
2018-06-15,171101.82839615585
2018-06-18,172109.7283961558
2018-06-19,171227.3283961558
2018-06-20,172123.42839615588
2018-06-21,170069.10839615593
2018-06-22,169119.04839615585
2018-06-25,164247.7983961558
2018-06-26,165312.63839615585
2018-06-27,162786.19839615587
2018-06-28,164589.71839615586
2018-06-29,164497.8083961559
2018-07-02,165870.22041062114
2018-07-03,164475.07041062115
2018-07-05,165866.8304106212
2018-07-06,167822.73041062118
2018-07-09,169167.7804106212
2018-07-10,168990.54041062112
2018-07-11,168681.85041062115
2018-07-12,171260.13041062118
2018-07-13,170849.25041062117
2018-07-16,170515.88041062118
2018-07-17,171902.62041062114
2018-07-18,172654.25041062114
2018-07-19,172058.60041062115
2018-07-20,171973.13041062115
2018-07-23,172131.99041062116
2018-07-24,170026.07041062118
2018-07-25,173002.4004106212
2018-07-26,172609.5504106212
2018-07-27,169322.9004106212
2018-07-30,165150.3904106211
2018-07-31,165911.95041062124
2018-08-01,167355.90063034772
2018-08-02,171451.77063034772
2018-08-03,170862.6506303477
2018-08-06,172319.9606303477
2018-08-07,172907.16063034773
2018-08-08,173629.63063034767
2018-08-09,174401.71063034772
2018-08-10,174840.85063034765
2018-08-13,173896.19063034773
2018-08-14,175729.39063034777
2018-08-15,172951.00063034773
2018-08-16,173826.4006303477
2018-08-17,174732.67063034768
2018-08-20,176321.82063034773
2018-08-21,177130.24063034778
2018-08-22,178186.21063034772
2018-08-23,179395.34063034772
2018-08-24,181371.51063034782
2018-08-27,182392.7806303477
2018-08-28,182953.6906303478
2018-08-29,184042.70063034774
2018-08-30,183360.32063034776
2018-08-31,184776.46063034775
2018-09-04,185780.36769657847
2018-09-05,182707.87769657845
2018-09-06,182767.4376965785
2018-09-07,183263.34769657857
2018-09-10,185301.09769657857
2018-09-11,186750.6976965785
2018-09-12,187376.2176965785
2018-09-13,188023.70769657852
2018-09-14,187831.41769657852
2018-09-17,184526.63769657846
2018-09-18,186072.58769657853
2018-09-19,183872.2276965785
2018-09-20,184286.3876965785
2018-09-21,183969.8876965785
2018-09-24,184535.00769657848
2018-09-25,186715.94769657849
2018-09-26,186965.2376965785
2018-09-27,187720.39769657847
2018-09-28,187618.1476965785
2018-10-01,186255.83156262164
2018-10-02,183069.91156262162
2018-10-03,183171.9815626216
2018-10-04,179476.1215626217
2018-10-05,178314.3315626216
2018-10-08,175192.99156262158
2018-10-09,174881.5915626216
2018-10-10,166480.19156262156
2018-10-11,164356.6315626216
2018-10-12,169583.86156262158
2018-10-15,167760.86156262163
2018-10-16,173056.52156262158
2018-10-17,172630.6715626216
2018-10-18,169739.4015626216
2018-10-19,166054.10156262157
2018-10-22,167733.00156262153
2018-10-23,166163.06156262162
2018-10-24,158674.44156262156
2018-10-25,161190.46156262155
2018-10-26,157710.8315626216
2018-10-29,155327.51156262163
2018-10-30,158487.45156262157
2018-10-31,162749.2515626216
2018-11-01,165312.86716059438
2018-11-02,164625.58716059447
2018-11-05,165035.71716059442
2018-11-06,165557.21716059445
2018-11-07,168917.4371605945
2018-11-08,168575.98716059452
2018-11-09,167140.6971605945
2018-11-12,163377.38716059446
2018-11-13,163324.6671605945
2018-11-14,161734.14716059447
2018-11-15,163165.80716059447
2018-11-16,162880.03716059448
2018-11-19,155923.04716059446
2018-11-20,153700.3071605945
2018-11-21,155294.0171605945
2018-11-23,155316.66716059446
2018-11-26,158176.79716059446
2018-11-27,157942.9471605945
2018-11-28,162939.69716059446
2018-11-29,163474.93716059445
2018-11-30,163809.50716059445
2018-12-03,165996.04478903534
2018-12-04,161435.77478903532
2018-12-06,162156.92478903534
2018-12-07,157176.27478903532
2018-12-10,158204.33478903526
2018-12-11,158703.6947890353
2018-12-12,160063.73478903528
2018-12-13,159393.74478903532
2018-12-14,156587.39478903532
2018-12-17,151533.88478903534
2018-12-18,152320.82478903528
2018-12-19,150644.9247890353
2018-12-20,147916.66478903533
2018-12-21,144956.59478903536
2018-12-24,140393.33478903532
2018-12-26,147454.72478903527
2018-12-27,148454.49478903526
2018-12-28,148418.4047890353
2018-12-31,150198.22478903533
2019-01-02,148440.3676299548
2019-01-03,145951.24762995483
2019-01-04,149663.14762995482
2019-01-07,152251.73762995482
2019-01-08,154440.03762995484
2019-01-09,154780.99762995483
2019-01-10,155180.64762995482
2019-01-11,155381.82762995485
2019-01-14,154419.66762995478
2019-01-15,156408.58762995483
2019-01-16,156505.42762995482
2019-01-17,157767.45762995476
2019-01-18,159060.13762995484
2019-01-22,157437.63762995478
2019-01-23,158154.57762995482
2019-01-24,157574.0776299548
2019-01-25,157992.63762995484
2019-01-28,157064.0976299548
2019-01-29,156676.1976299548
2019-01-30,158868.0176299548
2019-01-31,160655.7276299548
2019-02-01,161272.7410790133
2019-02-04,162218.26107901338
2019-02-05,162760.53107901337
2019-02-06,162789.1310790134
2019-02-07,163079.44107901334
2019-02-08,164174.5610790133
2019-02-11,164968.27107901336
2019-02-12,166370.9610790134
2019-02-13,166652.45107901335
2019-02-14,167356.79107901338
2019-02-15,168506.42107901335
2019-02-19,168624.87107901336
2019-02-20,168213.29107901335
2019-02-21,168434.20107901335
2019-02-22,170754.00107901337
2019-02-25,170238.76107901335
2019-02-26,170303.88107901334
2019-02-27,170024.70107901332
2019-02-28,169743.96107901333
2019-03-01,170800.6968825793
2019-03-04,168760.33688257934
2019-03-05,169616.35688257933
2019-03-06,168203.91688257936
2019-03-07,167555.7268825793
2019-03-08,167233.87688257932
2019-03-11,169849.84688257932
2019-03-12,170845.27688257935
2019-03-13,171695.8168825793
2019-03-14,172296.67688257934
2019-03-15,173002.35688257928
2019-03-18,172953.59688257932
2019-03-19,173803.4968825793
2019-03-20,173489.80688257935
2019-03-21,176381.2068825793
2019-03-22,172575.30688257937
2019-03-25,172871.69688257927
2019-03-26,173303.30688257937
2019-03-27,171935.58688257934
2019-03-28,173658.13688257936
2019-03-29,175152.84688257932
2019-04-01,176060.08976729156
2019-04-02,176499.40976729148
2019-04-03,177120.97976729157
2019-04-04,175506.3297672915
2019-04-05,176366.53976729157
2019-04-08,176353.46976729154
2019-04-09,176061.75976729157
2019-04-10,177502.45976729156
2019-04-11,177606.84976729154
2019-04-12,177704.60976729155
2019-04-15,177892.8997672916
2019-04-16,176349.69976729155
2019-04-17,174093.8097672916
2019-04-18,174826.42976729153
2019-04-22,175258.60976729155
2019-04-23,177256.73976729158
2019-04-24,177585.93976729154
2019-04-25,177331.64976729162
2019-04-26,178636.36976729153
2019-04-29,178093.64976729156
2019-04-30,178890.54976729152
2019-05-01,176602.73173792593
2019-05-02,177329.89173792605
2019-05-03,178627.13173792604
2019-05-06,178345.96173792603
2019-05-07,175079.12173792595
2019-05-08,175973.021737926
2019-05-09,175477.44173792595
2019-05-10,176096.671737926
2019-05-13,171469.111737926
2019-05-14,174049.94173792598
2019-05-15,175371.98173792602
2019-05-16,177882.83173792603
2019-05-17,176371.26173792602
2019-05-20,174144.72173792604
2019-05-21,176131.611737926
2019-05-22,175805.141737926
2019-05-23,173185.60173792596
2019-05-24,173328.631737926
2019-05-28,173187.08173792597
2019-05-29,171469.00173792598
2019-05-30,173383.33173792603
2019-05-31,172057.13173792604
2019-06-03,170770.32669565917
2019-06-04,174159.54669565914
2019-06-05,177039.5166956591
2019-06-06,178879.68669565915
2019-06-07,180551.59669565916
2019-06-10,181158.1666956592
2019-06-11,180146.23669565917
2019-06-12,181196.47669565916
2019-06-13,181682.56669565907
2019-06-14,181450.86669565915
2019-06-17,181185.4166956591
2019-06-18,182399.68669565915
2019-06-19,183928.3966956592
2019-06-20,184827.50669565916
2019-06-21,183089.88669565917
2019-06-24,182808.76669565917
2019-06-25,180794.63669565914
2019-06-26,179642.45669565914
2019-06-27,181113.09669565913
2019-06-28,182320.00669565916
2019-07-01,183930.2395791125
2019-07-02,185106.44957911258
2019-07-03,186857.78957911252
2019-07-05,186598.31957911255
2019-07-08,185903.69957911258
2019-07-09,186190.82957911253
2019-07-10,186556.31957911255
2019-07-11,186587.5795791125
2019-07-12,187321.05957911257
2019-07-15,187398.99957911254
2019-07-16,186399.63957911253
2019-07-17,186200.90957911251
2019-07-18,187231.51957911247
2019-07-19,185400.23957911253
2019-07-22,186381.9795791126
2019-07-23,186618.77957911254
2019-07-24,188291.32957911256
2019-07-25,187922.75957911252
2019-07-26,188392.11957911256
2019-07-29,187858.16957911255
2019-07-30,187264.38957911253
2019-07-31,185593.71957911254
2019-08-01,185199.12692541842
2019-08-02,183517.92692541843
2019-08-05,177331.74692541832
2019-08-06,180669.6269254184
2019-08-07,182695.31692541842
2019-08-08,187530.70692541834
2019-08-09,186917.70692541843
2019-08-12,184595.12692541842
2019-08-13,187335.1369254184
2019-08-14,181647.79692541837
2019-08-15,183066.96692541832
2019-08-16,186027.44692541836
2019-08-19,187821.14692541838
2019-08-20,187499.35692541843
2019-08-21,190000.8269254184
2019-08-22,190580.86692541838
2019-08-23,186124.9669254184
2019-08-26,188152.02692541838
2019-08-27,188127.69692541836
2019-08-28,188679.93692541838
2019-08-29,190826.2969254184
2019-08-30,190378.01692541837
2019-09-03,189340.0352534365
2019-09-04,190858.49525343662
2019-09-05,192240.15525343656
2019-09-06,191922.81525343662
2019-09-09,188368.17525343664
2019-09-10,184094.19525343657
2019-09-11,184376.6152534366
2019-09-12,185956.84525343656
2019-09-13,185151.2152534366
2019-09-16,185532.84525343648
2019-09-17,188336.11525343652
2019-09-18,188209.02525343653
2019-09-19,188306.34525343656
2019-09-20,187294.91525343657
2019-09-23,187596.62525343656
2019-09-24,185737.7452534366
2019-09-25,187035.54525343658
2019-09-26,187098.8652534365
2019-09-27,183442.45525343658
2019-09-30,184655.66525343657
2019-10-01,182877.96662012814
2019-10-02,180031.9166201282
2019-10-03,181852.01662012815
2019-10-04,184424.59662012817
2019-10-07,183853.66662012818
2019-10-08,180889.88662012818
2019-10-09,183860.34662012814
2019-10-10,184733.51662012812
2019-10-11,185873.25662012814
2019-10-14,185857.55662012813
2019-10-15,187610.37662012814
2019-10-16,186471.25662012814
2019-10-17,187016.17662012813
2019-10-18,186137.1766201282
2019-10-21,187308.05662012822
2019-10-22,183966.2466201282
2019-10-23,184459.79662012818
2019-10-24,187180.96662012808
2019-10-25,187244.56662012814
2019-10-28,188185.42662012813
2019-10-29,188444.5766201282
2019-10-30,189040.45662012813
2019-10-31,187204.25662012814
2019-11-01,188745.59476908442
2019-11-04,188061.91476908445
2019-11-05,186791.98476908443
2019-11-06,187395.68476908442
2019-11-07,187196.37476908445
2019-11-08,188256.49476908447
2019-11-11,189551.2747690844
2019-11-12,190020.50476908448
2019-11-13,190795.86476908447
2019-11-14,191799.66476908448
2019-11-15,193196.18476908447
2019-11-18,194224.96476908444
2019-11-19,194849.24476908444
2019-11-20,195444.9247690844
2019-11-21,193309.8247690844
2019-11-22,193206.0447690845
2019-11-25,195659.34476908448
2019-11-26,197204.88476908446
2019-11-27,198285.19476908448
2019-11-29,197087.54476908437
2019-12-02,193935.27649477724
2019-12-03,193288.51649477723
2019-12-04,194689.45649477726
2019-12-05,194998.2564947772
2019-12-06,195829.91649477722
2019-12-09,195187.93649477724
2019-12-10,195183.3064947772
2019-12-11,196738.44649477716
2019-12-12,196518.6264947772
2019-12-13,196950.79649477714
2019-12-16,198697.24649477715
2019-12-17,199148.19649477725
2019-12-18,198466.66649477728
2019-12-19,199409.76649477723
2019-12-20,201172.04649477717
2019-12-23,200738.85649477714
2019-12-24,201308.21649477724
2019-12-26,202096.86649477726
2019-12-27,202034.51649477717
2019-12-30,200727.61649477726
2019-12-31,201039.29649477717
2020-01-02,203194.66883784058
2020-01-03,201977.25883784058
2020-01-06,201892.32883784053
2020-01-07,202597.0388378406
2020-01-08,203377.49883784054
2020-01-09,204522.31883784058
2020-01-10,204118.25883784055
2020-01-13,207012.36883784053
2020-01-14,206219.1388378406
2020-01-15,206120.0988378406
2020-01-16,208595.8688378405
2020-01-17,208722.49883784063
2020-01-21,208983.90883784057
2020-01-22,210134.34883784057
2020-01-23,211333.3188378406
2020-01-24,209154.01883784062
2020-01-27,206426.12883784054
2020-01-28,210000.19883784058
2020-01-29,209796.8888378406
2020-01-30,209996.0988378405
2020-01-31,205852.5588378405
2020-02-03,209772.9011009479
2020-02-04,214331.09110094781
2020-02-05,213308.32110094788
2020-02-06,213346.1911009479
2020-02-07,212563.2611009479
2020-02-10,215558.89110094786
2020-02-11,217033.88110094785
2020-02-12,217742.01110094783
2020-02-13,219930.2411009478
2020-02-14,220745.96110094787
2020-02-18,221076.8611009479
2020-02-19,223123.59110094787
2020-02-20,221731.1311009478
2020-02-21,218282.2511009478
2020-02-24,212433.8611009479
2020-02-25,205994.08110094786
2020-02-26,204986.97110094785
2020-02-27,197028.47110094785
2020-02-28,195720.20110094786
2020-03-02,204010.1634344745
2020-03-03,199087.9334344745
2020-03-04,207744.7934344745
2020-03-05,202223.3134344745
2020-03-06,196895.34343447446
2020-03-09,180870.24343447448
2020-03-10,189153.60343447447
2020-03-11,179960.31343447455
2020-03-12,162864.8034344745
2020-03-13,174952.43343447443
2020-03-16,153720.82343447447
2020-03-17,162852.37343447443
2020-03-18,151686.51343447447
2020-03-19,154076.45343447448
2020-03-20,149002.15343447443
2020-03-23,147510.29343447453
2020-03-24,162741.1234344745
2020-03-25,165415.58343447448
2020-03-26,176310.6334344745
2020-03-27,170706.78343447446
2020-03-30,176601.12343447446
2020-03-31,173341.25343447443
2020-04-01,165151.16120417355
2020-04-02,168755.9312041736
2020-04-03,167172.81120417354
2020-04-06,176826.03120417357
2020-04-07,174769.80120417356
2020-04-08,179494.35120417355
2020-04-09,180258.24120417357
2020-04-13,180600.33120417356
2020-04-14,187290.95120417356
2020-04-15,185219.84120417354
2020-04-16,189548.66120417352
2020-04-17,192891.24120417354
2020-04-20,191339.63120417358
2020-04-21,184597.84120417354
2020-04-22,189686.84120417357
2020-04-23,189150.9212041736
2020-04-24,191984.16120417358
2020-04-27,194098.12120417354
2020-04-28,191660.91120417358
2020-04-29,194511.3312041736
2020-04-30,191382.2012041736
2020-05-01,187442.35569727654
2020-05-04,190157.45569727663
2020-05-05,194219.6056972766
2020-05-06,194421.80569727658
2020-05-07,196798.72569727665
2020-05-08,199832.23569727657
2020-05-11,203600.30569727658
2020-05-12,199875.74569727655
2020-05-13,197601.5556972766
2020-05-14,198749.44569727653
2020-05-15,200470.28569727662
2020-05-18,203307.5456972766
2020-05-19,200914.62569727656
2020-05-20,202386.00569727653
2020-05-21,200316.5756972765
2020-05-22,201487.92569727657
2020-05-26,199046.41569727653
2020-05-27,199874.44569727656
2020-05-28,201036.81569727662
2020-05-29,205394.28569727656
2020-06-01,205353.0453467059
2020-06-02,206942.86534670592
2020-06-03,207619.9253467059
2020-06-04,205686.59534670596
2020-06-05,208681.56534670593
2020-06-08,209952.25534670593
2020-06-09,209725.6753467059
2020-06-10,211646.73534670597
2020-06-11,201444.76534670588
2020-06-12,202957.31534670593
2020-06-15,207226.69534670588
2020-06-16,210085.3353467059
2020-06-17,210809.39534670592
2020-06-18,211047.91534670594
2020-06-19,211655.2453467059
2020-06-22,213142.90534670587
2020-06-23,213077.2653467059
2020-06-24,209056.42534670586
2020-06-25,211238.35534670594
2020-06-26,207676.85534670588
2020-06-29,209519.28534670587
2020-06-30,214433.7153467059
2020-07-01,215343.06797089337
2020-07-02,216667.47797089332
2020-07-06,220444.72797089338
2020-07-07,219896.08797089334
2020-07-08,223384.49797089337
2020-07-09,224942.9079708934
2020-07-10,224453.70797089342
2020-07-13,218536.07797089336
2020-07-14,222818.04797089344
2020-07-15,224378.73797089342
2020-07-16,222976.39797089336
2020-07-17,225950.5079708934
2020-07-20,230347.10797089338
2020-07-21,227899.65797089337
2020-07-22,229399.78797089338
2020-07-23,225177.7379708934
2020-07-24,224006.2079708934
2020-07-27,228945.00797089332
2020-07-28,225964.02797089337
2020-07-29,230543.9379708933
2020-07-30,230878.8879708934
2020-07-31,232148.60797089338
2020-08-03,235579.44285184625
2020-08-04,236607.52285184624
2020-08-05,238802.1128518462
2020-08-06,239146.01285184626
2020-08-07,235348.58285184618
2020-08-10,232164.63285184623
2020-08-11,227442.24285184627
2020-08-12,232201.9428518462
2020-08-13,233914.6028518462
2020-08-14,233544.1728518462
2020-08-17,238047.32285184626
2020-08-18,238045.58285184615
2020-08-19,237467.18285184624
2020-08-20,239435.47285184625
2020-08-21,239745.2428518463
2020-08-24,239511.20285184626
2020-08-25,241145.68285184624
2020-08-26,244519.01285184632
2020-08-27,242683.7528518462
2020-08-28,243845.84285184625
2020-08-31,246060.0228518462
2020-09-01,249381.69798664804
2020-09-02,251501.05798664805
2020-09-03,237883.14798664802
2020-09-04,233158.39798664808
2020-09-08,225621.91798664813
2020-09-09,232042.97798664813
2020-09-10,228339.21798664806
2020-09-11,226437.51798664808
2020-09-14,230840.61798664805
2020-09-15,235175.83798664814
2020-09-16,231982.1179866481
2020-09-17,228114.54798664802
2020-09-18,226880.02798664803
2020-09-21,228854.0779866481
2020-09-22,232981.70798664802
2020-09-23,226609.45798664814
2020-09-24,226915.47798664813
2020-09-25,231561.0279866481
2020-09-28,236040.82798664807
2020-09-29,236290.63798664807
2020-09-30,238424.15798664803
2020-10-01,241943.29686470755
2020-10-02,238485.64686470744
2020-10-05,243569.59686470742
2020-10-06,240768.81686470742
2020-10-07,245055.96686470747
2020-10-08,245518.8268647075
2020-10-09,248632.8868647074
2020-10-12,251349.47686470742
2020-10-13,253919.45686470743
2020-10-14,252253.7968647075
2020-10-15,252147.60686470746
2020-10-16,251618.47686470737
2020-10-19,247952.74686470747
2020-10-20,247775.42686470746
2020-10-21,244966.20686470752
2020-10-22,243016.25686470748
2020-10-23,245926.90686470747
2020-10-26,243147.3668647075
2020-10-27,243823.53686470745
2020-10-28,236536.70686470746
2020-10-29,238302.77686470753
2020-10-30,232392.5568647074
2020-11-02,234310.52217266796
2020-11-03,238643.25217266794
2020-11-04,244279.52217266796
2020-11-05,250455.54217266798
2020-11-06,254082.15217266793
2020-11-09,242366.59217266797
2020-11-10,239084.982172668
2020-11-11,245021.812172668
2020-11-12,244073.0021726679
2020-11-13,245237.44217266794
2020-11-16,246678.162172668
2020-11-17,246998.37217266797
2020-11-18,244511.08217266802
2020-11-19,247661.32217266798
2020-11-20,247911.92217266804
2020-11-23,250294.092172668
2020-11-24,249671.692172668
2020-11-25,252131.342172668
2020-11-27,256229.60217266803
2020-11-30,258752.58217266793
2020-12-01,258799.6455942226
2020-12-02,256318.52559422248
2020-12-03,257406.92559422253
2020-12-04,260938.10559422255
2020-12-07,262303.7555942227
2020-12-08,264172.3155942225
2020-12-09,259118.63559422258
2020-12-10,261293.91559422255
2020-12-11,260294.16559422252
2020-12-14,261340.37559422254
2020-12-15,264659.08559422253
2020-12-16,264823.08559422253
2020-12-17,267982.1355942225
2020-12-18,269862.03559422254
2020-12-21,269782.9055942225
2020-12-22,272057.6055942226
2020-12-23,270262.0455942225
2020-12-24,270650.96559422254
2020-12-28,266594.2355942225
2020-12-29,264514.9155942225
2020-12-30,267270.94559422246
2020-12-31,267113.72559422255
2021-01-04,264949.5606128001
2021-01-05,271502.4606128002
2021-01-06,277547.1506128001
2021-01-07,285604.7306128002
2021-01-08,285880.26061280014
2021-01-11,286398.0006128002
2021-01-12,292325.8406128001
2021-01-13,289781.57061280013
2021-01-14,293794.39061280014
2021-01-15,288691.27061280014
2021-01-19,291343.85061280004
2021-01-20,292627.8606128001
2021-01-21,290984.65061280003
2021-01-22,290214.94061280007
2021-01-25,287814.53061280027
2021-01-26,282934.0606128001
2021-01-27,272900.9706128001
2021-01-28,280311.2106128001
2021-01-29,274254.9106128001
2021-02-01,280111.62763031723
2021-02-02,285984.4776303172
2021-02-03,287610.0476303173
2021-02-04,292188.6776303172
2021-02-05,296435.43763031723
2021-02-08,302688.3776303173
2021-02-09,302690.9176303173
2021-02-10,302715.3376303172
2021-02-11,305285.07763031725
2021-02-12,307859.2276303172
2021-02-16,308365.67763031716
2021-02-17,305787.34763031726
2021-02-18,300762.48763031716
2021-02-19,308381.40763031715
2021-02-22,305039.9776303172
2021-02-23,303564.1576303172
2021-02-24,309129.2076303172
2021-02-25,297927.56763031724
2021-02-26,301562.06763031735
2021-03-01,310771.2181586527
2021-03-02,308755.9681586529
2021-03-03,305067.1581586528
2021-03-04,296386.2381586528
2021-03-05,300258.7181586528
2021-03-08,300863.9481586527
2021-03-09,304039.35815865285
2021-03-10,308070.9881586528
2021-03-11,314814.3881586529
2021-03-12,318115.1081586528
2021-03-15,322507.4181586528
2021-03-16,316990.0381586527
2021-03-17,321056.41815865267
2021-03-18,313937.91815865284
2021-03-19,315204.80815865274
2021-03-22,312732.4881586528
2021-03-23,301028.8281586528
2021-03-24,295168.16815865284
2021-03-25,299777.16815865284
2021-03-26,301947.1081586527
2021-03-29,295156.2381586528
2021-03-30,301334.9381586527
2021-03-31,303484.3381586528
2021-04-01,307358.7275433421
2021-04-05,310096.4975433423
2021-04-06,311531.2675433421
2021-04-07,308640.74754334224
2021-04-08,311044.88754334213
2021-04-09,312916.6675433421
2021-04-12,312377.91754334205
2021-04-13,312055.95754334214
2021-04-14,313342.8075433421
2021-04-15,314734.4575433421
2021-04-16,316420.0975433422
2021-04-19,313389.09754334216
2021-04-20,305807.1075433421
2021-04-21,312972.7075433421
2021-04-22,310694.83754334215
2021-04-23,316588.36754334223
2021-04-26,320752.4975433421
2021-04-27,322257.89754334214
2021-04-28,321027.5175433421
2021-04-29,320110.33754334215
2021-04-30,316747.0075433422
2021-05-03,318431.87999603985
2021-05-04,316533.46999603993
2021-05-05,319916.0099960399
2021-05-06,319966.8399960398
2021-05-07,326472.06999603997
2021-05-10,322660.5099960399
2021-05-11,319425.33999603975
2021-05-12,308560.22999604
2021-05-13,311869.22999603994
2021-05-14,320749.5799960399
2021-05-17,321505.33999603987
2021-05-18,317014.31999603985
2021-05-19,312945.6699960399
2021-05-20,315182.00999603997
2021-05-21,315309.48999603995
2021-05-24,319112.48999603983
2021-05-25,317095.5799960398
2021-05-26,321257.18999603984
2021-05-27,325944.32999603986
2021-05-28,325312.8799960398
2021-06-01,330441.8631714702
2021-06-02,329912.4231714701
2021-06-03,328987.6931714702
2021-06-04,331066.83317147015
2021-06-07,331709.21317147015
2021-06-08,333552.8731714702
2021-06-09,328813.91317147017
2021-06-10,326560.60317147017
2021-06-11,328781.1531714703
2021-06-14,324229.6231714702
2021-06-15,325050.98317147006
2021-06-16,324804.7131714702
2021-06-17,315697.0531714702
2021-06-18,309653.2131714702
2021-06-21,317840.04317147017
2021-06-22,318818.10317147017
2021-06-23,321012.9731714701
2021-06-24,324386.8131714701
2021-06-25,326026.2931714703
2021-06-28,322221.30317147024
2021-06-29,321962.65317147016
2021-06-30,324204.41317147005
2021-07-01,326163.4795399547
2021-07-02,325952.4695399546
2021-07-06,320059.18953995465
2021-07-07,318937.51953995466
2021-07-08,315287.8695399546
2021-07-09,323702.0295399547
2021-07-12,326533.5995399546
2021-07-13,323049.07953995466
2021-07-14,318795.74953995476
2021-07-15,316526.52953995456
2021-07-16,310846.2495399547
2021-07-19,304687.74953995465
2021-07-20,313336.3195399547
2021-07-21,320203.82953995466
2021-07-22,318389.13953995466
2021-07-23,320342.6595399546
2021-07-26,323490.69953995466
2021-07-27,319891.5495399547
2021-07-28,322929.81953995465
2021-07-29,326586.7095399546
2021-07-30,325540.69953995466
2021-08-02,324537.04910870316
2021-08-03,329034.8391087032
2021-08-04,325658.7691087032
2021-08-05,330636.58910870325
2021-08-06,332866.9991087032
2021-08-09,333094.7991087031
2021-08-10,336006.01910870307
2021-08-11,337050.08910870313
2021-08-12,338885.5891087032
2021-08-13,335896.8091087031
2021-08-16,331772.1391087032
2021-08-17,326417.2191087032
2021-08-18,323527.5091087031
2021-08-19,318357.3391087031
2021-08-20,320881.47910870315
2021-08-23,328465.58910870313
2021-08-24,332955.8591087031
2021-08-25,336018.0391087032
2021-08-26,333033.6191087031
2021-08-27,340223.9691087031
2021-08-30,337551.6391087031
2021-08-31,336498.4791087032
2021-09-01,334683.2132550501
2021-09-02,337811.6132550502
2021-09-03,338172.6932550502
2021-09-07,335746.8532550502
2021-09-08,333269.16325505025
2021-09-09,334578.4132550502
2021-09-10,333483.4032550501
2021-09-13,333558.9532550501
2021-09-14,332412.5632550501
2021-09-15,339083.5032550501
2021-09-16,339044.3332550502
2021-09-17,335398.9132550502
2021-09-20,326114.0032550502
2021-09-21,326602.71325505007
2021-09-22,332843.3632550503
2021-09-23,339872.0332550502
2021-09-24,339323.23325505015
2021-09-27,339645.57325505017
2021-09-28,330946.85325505026
2021-09-29,329850.14325505024
2021-09-30,326071.7332550501
2021-10-01,329518.2308298564
2021-10-04,326771.7808298564
2021-10-05,330991.37082985643
2021-10-06,329325.36082985636
2021-10-07,333153.2908298564
2021-10-08,333844.6908298564
2021-10-11,332816.8008298563
2021-10-12,334030.3508298564
2021-10-13,334817.2508298564
2021-10-14,340625.8308298564
2021-10-15,341852.7708298565
2021-10-18,345473.2908298565
2021-10-19,347141.7608298563
2021-10-20,349653.1008298564
2021-10-21,349381.5608298563
2021-10-22,351080.4708298564
2021-10-25,353772.36082985625
2021-10-26,354639.5508298565
2021-10-27,349034.8208298565
2021-10-28,355869.8208298564
2021-10-29,356988.4008298565
2021-11-01,358095.4288518596
2021-11-02,360253.86885185953
2021-11-03,361003.3488518596
2021-11-04,361586.7488518596
2021-11-05,364536.00885185954
2021-11-08,366859.8488518595
2021-11-09,366698.7788518595
2021-11-10,358619.6588518596
2021-11-11,361862.75885185966
2021-11-12,363358.25885185954
2021-11-15,363724.7088518596
2021-11-16,364494.5688518595
2021-11-17,361458.8088518596
2021-11-18,362891.36885185965
2021-11-19,360005.3888518595
2021-11-22,360252.6388518596
2021-11-23,362090.82885185967
2021-11-24,364557.85885185964
2021-11-26,354508.2288518597
2021-11-29,359632.63885185955
2021-11-30,349455.1588518596
2021-12-01,342910.3785549236
2021-12-02,349529.0185549235
2021-12-03,345118.2585549235
2021-12-06,343721.8685549234
2021-12-07,354687.7085549235
2021-12-08,355079.4785549236
2021-12-09,349984.97855492355
2021-12-10,354180.0485549235
2021-12-13,350062.6185549236
2021-12-14,346531.1885549235
2021-12-15,352288.8285549234
2021-12-16,349082.0485549236
2021-12-17,346366.1485549236
2021-12-20,340699.8985549235
2021-12-21,348515.3285549235
2021-12-22,352556.9485549235
2021-12-23,354432.29855492356
2021-12-27,362768.2385549235
2021-12-28,360825.4385549235
2021-12-29,361250.0185549235
2021-12-30,359176.7885549235
2021-12-31,360247.99855492363
2022-01-03,356267.5000562359
2022-01-04,355602.7900562358
2022-01-05,344437.7700562358
2022-01-06,345551.4400562358
2022-01-07,339898.7100562357
2022-01-10,339576.2200562358
2022-01-11,343337.71005623584
2022-01-12,345606.50005623576
2022-01-13,337521.3100562357
2022-01-14,336476.53005623573
2022-01-18,329684.0600562357
2022-01-19,324859.5500562358
2022-01-20,319821.52005623584
2022-01-21,312609.1500562358
2022-01-24,315818.5800562358
2022-01-25,311911.38005623576
2022-01-26,310691.6500562358
2022-01-27,309601.8300562358
2022-01-28,318065.5900562358
2022-01-31,326116.16005623573
2022-02-01,329973.6422110056
2022-02-02,334348.5222110055
2022-02-03,327985.1222110057
2022-02-04,330958.3922110057
2022-02-07,332491.2122110055
2022-02-08,331771.72221100575
2022-02-09,338341.17221100564
2022-02-10,335085.6022110057
2022-02-11,332480.3322110056
2022-02-14,326909.1522110056
2022-02-15,331825.7722110056
2022-02-16,333904.5822110057
2022-02-17,326019.8122110057
2022-02-18,323386.11221100565
2022-02-22,318888.6422110057
2022-02-23,315808.63221100566
2022-02-24,321320.21221100574
2022-02-25,331284.76221100567
2022-02-28,334753.1522110056
2022-03-01,330177.2711484598
2022-03-02,337689.4411484599
2022-03-03,335813.3411484599
2022-03-04,338906.20114845975
2022-03-07,330058.6111484599
2022-03-08,327891.3611484599
2022-03-09,333324.7911484599
2022-03-10,335937.02114846
2022-03-11,330636.9111484599
2022-03-14,322386.52114846
2022-03-15,326203.69114845985
2022-03-16,331367.0311484599
2022-03-17,339640.45114845975
2022-03-18,344463.7811484599
2022-03-21,348448.89114846
2022-03-22,350269.57114845986
2022-03-23,349092.17114845983
2022-03-24,354524.3911484599
2022-03-25,357117.92114845983
2022-03-28,357640.9511484601
2022-03-29,361105.9711484599
2022-03-30,359096.35114845994
2022-03-31,355864.67114845983
2022-04-01,356897.5573147655
2022-04-04,357775.6173147654
2022-04-05,352971.3873147656
2022-04-06,352309.5873147654
2022-04-07,356784.33731476543
2022-04-08,361354.0573147654
2022-04-11,355187.4473147655
2022-04-12,357541.05731476546
2022-04-13,362907.21731476544
2022-04-14,361655.3073147654
2022-04-18,364952.86731476546
2022-04-19,365862.2173147654
2022-04-20,367379.92731476546
2022-04-21,356997.22731476545
2022-04-22,345441.1973147655
2022-04-25,342919.4773147655
2022-04-26,336791.56731476536
2022-04-27,339563.5273147655
2022-04-28,345159.4073147655
2022-04-29,333703.0573147654
2022-05-02,334899.9141866374
2022-05-03,341818.98418663733
2022-05-04,352832.15418663743
2022-05-05,343406.5141866374
2022-05-06,345569.4741866374
2022-05-09,323782.5341866374
2022-05-10,326880.6041866374
2022-05-11,326459.0841866375
2022-05-12,325840.2841866375
2022-05-13,335052.44418663735
2022-05-16,338682.3141866375
2022-05-17,344576.89418663736
2022-05-18,331586.7641866373
2022-05-19,331755.99418663734
2022-05-20,330581.4941866374
2022-05-23,339535.7541866374
2022-05-24,338562.95418663736
2022-05-25,345861.24418663734
2022-05-26,352600.4241866372
2022-05-27,359535.5441866374
2022-05-31,355296.83418663737
2022-06-01,356118.41804428824
2022-06-02,358432.6080442881
2022-06-03,358929.96804428817
2022-06-06,360614.04804428824
2022-06-07,366588.6480442882
2022-06-08,362414.81804428814
2022-06-09,354049.95804428816
2022-06-10,346135.9380442881
2022-06-13,331386.32804428815
2022-06-14,330344.0280442881
2022-06-15,329349.2980442881
2022-06-16,315023.0080442881
2022-06-17,307405.7280442882
2022-06-21,316840.5380442882
2022-06-22,310347.12804428814
2022-06-23,303678.52804428805
2022-06-24,310811.98804428824
2022-06-27,316389.3280442881
2022-06-28,317432.39804428816
2022-06-29,312671.6680442882
2022-06-30,309946.0480442882
2022-07-01,312773.50684662577
2022-07-05,303054.31684662576
2022-07-06,302228.6668466258
2022-07-07,308180.6568466258
2022-07-08,308711.32684662583
2022-07-11,307980.66684662574
2022-07-12,304588.45684662584
2022-07-13,304675.64684662584
2022-07-14,300725.9568466258
2022-07-15,306154.7768466258
2022-07-18,306683.1468466258
2022-07-19,313506.87684662576
2022-07-20,313236.2168466257
2022-07-21,310680.3168466257
2022-07-22,309509.37684662576
2022-07-25,316913.7068466259
2022-07-26,316466.8568466257
2022-07-27,320730.4168466257
2022-07-28,322127.1968466258
2022-07-29,328381.8968466259
2022-08-01,324408.1256536174
2022-08-02,322547.8956536174
2022-08-03,320643.55565361737
2022-08-04,316617.5056536174
2022-08-05,319712.16565361735
2022-08-08,321718.4556536174
2022-08-09,324167.9856536173
2022-08-10,327322.4856536174
2022-08-11,331031.0556536174
2022-08-12,335598.21565361734
2022-08-15,334448.9556536174
2022-08-16,335460.79565361736
2022-08-17,335200.7956536175
2022-08-18,340443.7556536174
2022-08-19,339093.6456536174
2022-08-22,336852.6256536173
2022-08-23,338749.11565361737
2022-08-24,342536.34565361746
2022-08-25,345908.8256536173
2022-08-26,339090.07565361744
2022-08-29,339441.5556536175
2022-08-30,331162.42565361736
2022-08-31,329509.90565361734
2022-09-01,327965.6224477458
2022-09-02,329564.24244774587
2022-09-06,326257.6424477457
2022-09-07,329188.54244774574
2022-09-08,330473.72244774573
2022-09-09,334292.0024477458
2022-09-12,335907.24244774575
2022-09-13,327134.0724477458
2022-09-14,332485.8524477458
2022-09-15,328142.1024477458
2022-09-16,324350.8024477458
2022-09-19,326730.85244774586
2022-09-20,323972.9224477458
2022-09-21,320502.50244774576
2022-09-22,319309.0724477457
2022-09-23,307613.36244774575
2022-09-26,301699.47244774585
2022-09-27,302907.5924477459
2022-09-28,311420.36244774575
2022-09-29,307023.5924477457
2022-09-30,304381.4424477458
2022-10-03,315206.40982228046
2022-10-04,325760.22982228035
2022-10-05,326897.3898222804
2022-10-06,326995.1698222804
2022-10-07,324421.9298222804
2022-10-10,323321.15982228034
2022-10-11,322943.8498222804
2022-10-12,321227.57982228044
2022-10-13,330430.9698222804
2022-10-14,318726.9898222804
2022-10-17,323115.3098222803
2022-10-18,327776.8098222804
2022-10-19,329784.25982228044
2022-10-20,329648.68982228043
2022-10-21,337914.3698222804
2022-10-24,340730.6398222804
2022-10-25,343186.45982228033
2022-10-26,345883.99982228037
2022-10-27,346922.45982228033
2022-10-28,350821.45982228033
2022-10-31,353684.8698222805
2022-11-01,355592.0214476084
2022-11-02,349910.6114476084
2022-11-03,352236.74144760845
2022-11-04,354021.50144760846
2022-11-07,358200.94144760846
2022-11-08,359840.3514476084
2022-11-09,349924.1714476085
2022-11-10,357177.66144760844
2022-11-11,353762.1114476085
2022-11-14,354091.6514476085
2022-11-15,356547.50144760846
2022-11-16,352788.0314476085
2022-11-17,355259.3414476084
2022-11-18,355941.2314476085
2022-11-21,355068.9614476085
2022-11-22,361729.7614476085
2022-11-23,359870.2514476085
2022-11-25,360978.81144760846
2022-11-28,354972.7714476084
2022-11-29,356848.78144760843
2022-11-30,361998.18144760845
2022-12-01,359294.9836106561
2022-12-02,360372.31361065625
2022-12-05,353091.65361065627
2022-12-06,348524.2936106563
2022-12-07,348921.95361065626
2022-12-08,348869.95361065626
2022-12-09,343552.1936106562
2022-12-12,348606.59361065616
2022-12-13,349134.1136106562
2022-12-14,348844.9836106563
2022-12-15,344231.2336106562
2022-12-16,341510.5736106563
2022-12-19,339640.9736106563
2022-12-20,340996.5936106563
2022-12-21,345954.2036106562
2022-12-22,340766.7836106563
2022-12-23,344441.3936106563
2022-12-27,345004.08361065626
2022-12-28,338295.4836106562
2022-12-29,340169.52361065627
2022-12-30,340137.10361065634
2023-01-03,333010.9606480098
2023-01-04,333387.49064800976
2023-01-05,332960.3006480098
2023-01-06,339803.64064800984
2023-01-09,337831.94064800977
2023-01-10,339448.30064800987
2023-01-11,340997.72064800974
2023-01-12,342481.66064800974
2023-01-13,343974.46064800967
2023-01-17,342545.87064800976
2023-01-18,337117.2306480098
2023-01-19,334117.7006480097
2023-01-20,336537.56064800976
2023-01-23,337336.25064800977
2023-01-24,339583.81064800976
2023-01-25,340083.63064800977
2023-01-26,342961.7906480098
2023-01-27,340783.7606480098
2023-01-30,338210.39064800984
2023-01-31,341553.97064800985
2023-02-01,341038.9210567926
2023-02-02,339888.9710567928
2023-02-03,338635.88105679286
2023-02-06,336377.25105679274
2023-02-07,339954.04105679283
2023-02-08,337257.4310567928
2023-02-09,336200.95105679275
2023-02-10,338852.6810567927
2023-02-13,342601.9110567928
2023-02-14,342639.46105679264
2023-02-15,343992.53105679277
2023-02-16,341303.0810567928
2023-02-17,338419.75105679274
2023-02-21,331735.56105679274
2023-02-22,331077.92105679266
2023-02-23,334526.8210567926
2023-02-24,333809.4310567928
2023-02-27,335683.28105679265
2023-02-28,335766.3610567927
2023-03-01,339276.7335250926
2023-03-02,341377.05352509255
2023-03-03,346835.15352509264
2023-03-06,345015.6335250927
2023-03-07,341893.3035250925
2023-03-08,342843.74352509266
2023-03-09,335531.8935250927
2023-03-10,327544.5435250926
2023-03-13,322874.2635250926
2023-03-14,329555.6135250926
2023-03-15,319884.0835250925
2023-03-16,325918.8335250925
2023-03-17,319750.7035250927
2023-03-20,325387.61352509266
2023-03-21,331951.55352509266
2023-03-22,325208.40352509264
2023-03-23,325332.9335250926
2023-03-24,325074.1435250926
2023-03-27,328191.5235250926
2023-03-28,328742.0835250926
2023-03-29,333144.6335250926
2023-03-30,334310.8435250926
2023-03-31,339250.6035250926
2023-04-03,340274.43229370826
2023-04-04,334749.1122937083
2023-04-05,331185.42229370825
2023-04-06,329854.8022937084
2023-04-10,333212.7722937083
2023-04-11,333938.3822937084
2023-04-12,333332.3722937084
2023-04-13,336262.3222937085
2023-04-14,336257.2522937083
2023-04-17,338271.74229370826
2023-04-18,341025.20229370834
2023-04-19,339839.1422937083
2023-04-20,339928.08229370834
2023-04-21,340438.2922937083
2023-04-24,340859.3322937083
2023-04-25,335087.8622937084
2023-04-26,332935.9422937083
2023-04-27,338028.60229370825
2023-04-28,341065.4922937083
2023-05-01,342662.05191269633
2023-05-02,339754.03191269643
2023-05-03,339235.8519126964
2023-05-04,335814.4319126964
2023-05-05,340812.05191269633
2023-05-08,343256.83191269625
2023-05-09,342971.3419126963
2023-05-10,342998.40191269637
2023-05-11,342057.70191269636
2023-05-12,342859.8419126964
2023-05-15,344330.4319126962
2023-05-16,341590.8719126964
2023-05-17,344915.17191269627
2023-05-18,350055.28191269643
2023-05-19,348257.7119126965
2023-05-22,347145.4919126964
2023-05-23,339976.09191269637
2023-05-24,338646.6919126964
2023-05-25,345149.1619126964
2023-05-26,348959.9619126964
2023-05-30,350566.0819126963
2023-05-31,347018.6019126964
2023-06-01,351183.2169178462
2023-06-02,355489.2669178462
2023-06-05,355747.8269178462
2023-06-06,358152.42691784614
2023-06-07,356177.5869178462
2023-06-08,358401.2069178462
2023-06-09,358959.53691784624
2023-06-12,364521.3469178462
2023-06-13,366300.89691784617
2023-06-14,367923.35691784613
2023-06-15,371416.41691784636
2023-06-16,369897.8869178464
2023-06-20,368990.4069178461
2023-06-21,368572.5169178462
2023-06-22,369278.8569178462
2023-06-23,366225.6769178462
2023-06-26,365393.7969178462
2023-06-27,372316.17691784626
2023-06-28,373078.46691784624
2023-06-29,374628.5369178462
2023-06-30,379137.8369178462
2023-07-03,378093.01534741157
2023-07-05,375061.61534741166
2023-07-06,370191.9153474117
2023-07-07,371299.0853474115
2023-07-10,378268.9653474116
2023-07-11,379493.9053474116
2023-07-12,381904.70534741174
2023-07-13,384552.80534741166
2023-07-14,384702.3253474115
2023-07-17,388612.4253474116
2023-07-18,391520.2453474116
2023-07-19,388912.0853474117
2023-07-20,382748.7553474116
2023-07-21,381620.2053474117
2023-07-24,381977.29534741153
2023-07-25,384815.5153474117
2023-07-26,381636.5853474116
2023-07-27,383174.1053474116
2023-07-28,388319.71534741175
2023-07-31,391426.6753474117
2023-08-01,391684.8796837306
2023-08-02,383978.29968373047
2023-08-03,382836.2696837307
2023-08-04,382498.13968373067
2023-08-07,388033.0496837306
2023-08-08,383951.2096837305
2023-08-09,375556.65968373057
2023-08-10,377227.3096837306
2023-08-11,373321.13968373055
2023-08-14,378378.5196837306
2023-08-15,374869.9396837306
2023-08-16,369602.65968373057
2023-08-17,361679.3596837306
2023-08-18,363454.95968373056
2023-08-21,366490.9296837307
2023-08-22,366942.82968373067
2023-08-23,373703.4796837306
2023-08-24,364659.1296837308
2023-08-25,367560.9396837308
2023-08-28,371784.09968373063
2023-08-29,380357.24968373054
2023-08-30,384038.1296837307
2023-08-31,385606.3996837305
2023-09-01,387150.84269345057
2023-09-05,383231.13269345043
2023-09-06,384542.54269345046
2023-09-07,382265.4426934505
2023-09-08,382153.40269345057
2023-09-11,385476.63269345055
2023-09-12,379224.9426934505
2023-09-13,377651.3726934505
2023-09-14,381965.39269345044
2023-09-15,373764.5526934503
2023-09-18,373963.57269345026
2023-09-19,372131.2926934504
2023-09-20,367401.5726934505
2023-09-21,358866.1126934504
2023-09-22,359326.2026934504
2023-09-25,361164.8126934506
2023-09-26,356307.1326934503
2023-09-27,360082.69269345055
2023-09-28,365887.1626934504
2023-09-29,364221.15269345045
2023-10-02,363268.7419501185
2023-10-03,353593.84195011854
2023-10-04,359202.5419501185
2023-10-05,358161.5419501186
2023-10-06,365323.2219501186
2023-10-09,367745.1719501186
2023-10-10,372037.9819501186
2023-10-11,374983.1519501185
2023-10-12,370281.74195011845
2023-10-13,363380.0619501186
2023-10-16,367734.89195011853
2023-10-17,368803.3619501185
2023-10-18,360265.0819501185
2023-10-19,354289.06195011846
2023-10-20,348131.6919501185
2023-10-23,349935.3119501185
2023-10-24,353967.3419501186
2023-10-25,342245.6319501185
2023-10-26,336146.06195011846
2023-10-27,337074.9419501186
2023-10-30,339143.8619501186
2023-10-31,341756.85195011867
2023-11-01,349030.41156189673
2023-11-02,357985.2215618969
2023-11-03,364440.35156189674
2023-11-06,365425.3015618967
2023-11-07,368563.96156189684
2023-11-08,369512.2815618969
2023-11-09,366912.0715618967
2023-11-10,373487.89156189666
2023-11-13,373950.9515618967
2023-11-14,385203.2715618967
2023-11-15,382576.39156189683
2023-11-16,381850.9015618967
2023-11-17,384577.90156189684
2023-11-20,389222.8415618968
2023-11-21,386197.5815618968
2023-11-22,388331.8315618967
2023-11-24,389161.06156189676
2023-11-27,390621.01156189677
2023-11-28,390208.10156189674
2023-11-29,391205.5015618968
2023-11-30,391600.7915618969
2023-12-01,395629.21997162583
2023-12-04,393274.7199716257
2023-12-05,392525.0299716257
2023-12-06,388527.69997162576
2023-12-07,393174.09997162566
2023-12-08,397989.4899716258
2023-12-11,401049.1599716258
2023-12-12,403909.30997162586
2023-12-13,409725.4399716259
2023-12-14,411746.8599716258
2023-12-15,413612.8899716259
2023-12-18,417296.8399716257
2023-12-19,421380.25997162575
2023-12-20,414123.50997162587
2023-12-21,420586.05997162574
2023-12-22,419244.4099716257
2023-12-26,420805.9299716258
2023-12-27,422684.7799716257
2023-12-28,422412.65997162584
2023-12-29,419196.6799716258
2024-01-02,408888.43905777694
2024-01-03,403464.0790577769
2024-01-04,403843.44905777683
2024-01-05,405457.16905777686
2024-01-08,414345.84905777674
2024-01-09,415084.10905777686
2024-01-10,418712.1590577769
2024-01-11,419667.25905777706
2024-01-12,417960.889057777
2024-01-16,416812.56905777694
2024-01-17,414113.71905777685
2024-01-18,418084.51905777695
2024-01-19,427657.049057777
2024-01-22,431911.479057777
2024-01-23,429141.1390577771
2024-01-24,428676.7990577769
2024-01-25,434266.23905777675
2024-01-26,432762.9290577769
2024-01-29,440072.5190577769
2024-01-30,438641.909057777
2024-01-31,432144.3090577768
2024-02-01,441022.4127398753
2024-02-02,450739.4327398754
2024-02-05,449110.5327398753
2024-02-06,452279.13273987535
2024-02-07,458812.97273987543
2024-02-08,464498.49273987516
2024-02-09,469479.2327398754
2024-02-12,469433.7327398753
2024-02-13,462303.21273987525
2024-02-14,473567.3627398753
2024-02-15,481015.37273987534
2024-02-16,473124.4827398753
2024-02-20,466650.5127398753
2024-02-21,458733.56273987534
2024-02-22,478436.02273987525
2024-02-23,480733.64273987524
2024-02-26,486072.8527398754
2024-02-27,492888.6427398754
2024-02-28,491748.97273987543
2024-02-29,499206.6827398754
2024-03-01,512356.9232302164
2024-03-04,517596.72323021654
2024-03-05,510373.84323021653
2024-03-06,518353.4032302165
2024-03-07,524393.6732302164
2024-03-08,517230.4032302165
2024-03-11,507997.4032302165
2024-03-12,516476.7632302165
2024-03-13,517491.5532302165
2024-03-14,514305.2832302165
2024-03-15,508905.4832302164
2024-03-18,511883.6432302164
2024-03-19,512461.8332302164
2024-03-20,522756.6132302165
2024-03-21,532027.8132302163
2024-03-22,529613.1232302163
2024-03-25,532629.9532302166
2024-03-26,531066.3132302165
2024-03-27,530797.3232302165
2024-03-28,530448.1632302164
2024-04-01,530822.4816893076
2024-04-02,527330.9616893078
2024-04-03,535238.5716893077
2024-04-04,526725.5616893077
2024-04-05,536665.7916893077
2024-04-08,535801.3816893077
2024-04-09,527655.8516893076
2024-04-10,524416.4716893078
2024-04-11,529981.2316893075
2024-04-12,519931.1716893077
2024-04-15,510853.20168930775
2024-04-16,512021.3916893076
2024-04-17,505829.7316893076
2024-04-18,501500.6116893078
2024-04-19,492412.60168930766
2024-04-22,497763.8016893076
2024-04-23,509988.05168930773
2024-04-24,507960.9416893078
2024-04-25,509622.0916893076
2024-04-26,515170.1716893076
2024-04-29,517299.6216893076
2024-04-30,508559.9116893078
2024-05-01,505120.5055056072
2024-05-02,514008.31550560705
2024-05-03,519436.8955056072
2024-05-06,531065.6055056071
2024-05-07,527637.8155056073
2024-05-08,530393.3555056072
2024-05-09,536972.2755056071
2024-05-10,536937.535505607
2024-05-13,532119.4155056071
2024-05-14,536316.215505607
2024-05-15,548736.9655056072
2024-05-16,540547.6055056071
2024-05-17,541632.8255056072
2024-05-20,544491.0755056073
2024-05-21,545961.4655056071
2024-05-22,540976.7455056071
2024-05-23,538726.0655056072
2024-05-24,549700.6055056073
2024-05-28,550458.8855056071
2024-05-29,545044.4255056072
2024-05-30,542672.4355056072
2024-05-31,538555.8755056071
2024-06-03,532790.1992514873
2024-06-04,530068.1292514873
2024-06-05,544537.0592514873
2024-06-06,539811.9992514872
2024-06-07,537287.4292514874
2024-06-10,545355.0292514872
2024-06-11,543913.7392514872
2024-06-12,551846.5292514873
2024-06-13,554778.6292514871
2024-06-14,549394.1092514874
2024-06-17,558320.5992514874
2024-06-18,564928.8592514873
2024-06-20,557921.9292514873
2024-06-21,553419.2092514872
2024-06-24,549082.4192514874
2024-06-25,555236.5792514873
2024-06-26,550659.5392514872
2024-06-27,552997.4192514872
2024-06-28,549732.0892514874
2024-07-01,549913.6760124279
2024-07-02,552684.8960124279
2024-07-03,558082.4660124278
2024-07-05,558163.7060124277
2024-07-08,562440.5160124277
2024-07-09,563779.4260124277
2024-07-10,569232.9460124278
2024-07-11,561961.8560124277
2024-07-12,565861.1560124279
2024-07-15,568320.606012428
2024-07-16,571931.9060124276
2024-07-17,545341.8560124281
2024-07-18,541902.1160124277
2024-07-19,538599.9360124278
2024-07-22,549118.1860124278
2024-07-23,550236.6960124279
2024-07-24,527050.2960124279
2024-07-25,517914.2960124279
2024-07-26,527272.6060124277
2024-07-29,525927.166012428
2024-07-30,517592.0360124277
2024-07-31,536485.4860124276
2024-08-01,520272.1261647868
2024-08-02,502327.7061647869
2024-08-05,490102.1261647869
2024-08-06,499935.506164787
2024-08-07,490227.8261647869
2024-08-08,507885.27616478683
2024-08-09,510530.90616478684
2024-08-12,510441.8161647868
2024-08-13,521279.4461647868
2024-08-14,524426.5561647868
2024-08-15,534200.4561647868
2024-08-16,535425.5761647869
2024-08-19,540357.8761647868
2024-08-20,536191.0361647869
2024-08-21,542565.4961647869
2024-08-22,538074.8961647868
2024-08-23,549857.1461647867
2024-08-26,545355.8261647868
2024-08-27,546468.966164787
2024-08-28,540996.4761647868
2024-08-29,541179.8061647869
2024-08-30,546326.5161647868
2024-09-03,527565.0489113688
2024-09-04,526053.8589113689
2024-09-05,522245.2789113688
2024-09-06,511335.7389113687
2024-09-09,521276.40891136875
2024-09-10,521688.9489113688
2024-09-11,531151.0689113687
2024-09-12,539308.5689113687
2024-09-13,546694.3289113689
2024-09-16,551440.348911369
2024-09-17,553736.8989113688
2024-09-18,553807.1289113688
2024-09-19,564044.0089113689
2024-09-20,569050.1289113689
2024-09-23,571993.9489113688
2024-09-24,572490.8089113688
2024-09-25,572094.1589113689
2024-09-26,572088.7089113687
2024-09-27,571265.2889113688
2024-09-30,573535.9289113687
2024-10-01,567638.7334898448
2024-10-02,570418.3634898447
2024-10-03,572287.2834898448
2024-10-04,579835.0634898448
2024-10-07,574267.8134898447
2024-10-08,580604.103489845
2024-10-09,584383.2434898448
2024-10-10,580930.0734898448
2024-10-11,587831.6534898449
2024-10-14,590595.5734898448
2024-10-15,585148.8034898448
2024-10-16,589661.1234898448
2024-10-17,587223.243489845
2024-10-18,590718.2834898446
2024-10-21,591352.123489845
2024-10-22,588167.5734898449
2024-10-23,585066.9934898448
2024-10-24,583222.3234898448
2024-10-25,577570.793489845
2024-10-28,580796.5534898448
2024-10-29,583808.8434898449
2024-10-30,581361.813489845
2024-10-31,574143.413489845
2024-11-01,572579.9742598034
2024-11-04,570623.8242598032
2024-11-05,585395.9042598035
2024-11-06,610934.4042598035
2024-11-07,619382.4742598032
2024-11-08,633821.6842598034
2024-11-11,644298.9942598034
2024-11-12,640520.5742598033
2024-11-13,635286.2142598034
2024-11-14,629668.0342598032
2024-11-15,631554.1442598035
2024-11-18,638120.1642598032
2024-11-19,647855.1642598032
2024-11-20,650833.9442598033
2024-11-21,658632.4342598034
2024-11-22,666070.1742598031
2024-11-25,662183.7542598033
2024-11-26,667896.8842598032
2024-11-27,663982.674259803
2024-11-29,667985.5742598032
2024-12-02,662394.0829671551
2024-12-03,665721.272967155
2024-12-04,670278.422967155
2024-12-05,672204.772967155
2024-12-06,675513.1229671552
2024-12-09,652595.042967155
2024-12-10,645222.412967155
2024-12-11,653743.742967155
2024-12-12,651617.2129671549
2024-12-13,651763.722967155
2024-12-16,655799.352967155
2024-12-17,649835.172967155
2024-12-18,623939.4629671549
2024-12-19,626319.7729671551
2024-12-20,638533.8829671548
2024-12-23,638762.762967155
2024-12-24,647652.852967155
2024-12-26,646748.8229671549
2024-12-27,637331.932967155
2024-12-30,631935.152967155
2024-12-31,626917.862967155
2025-01-02,632806.1117722391
2025-01-03,641633.4517722394
2025-01-06,645896.4617722393
2025-01-07,637772.9317722394
2025-01-08,641000.3617722392
2025-01-10,634770.0117722393
2025-01-13,632987.7217722394
2025-01-14,641364.3417722394
2025-01-15,656374.041772239
2025-01-16,662857.9817722392
2025-01-17,669984.1717722393
2025-01-21,680080.3717722391
2025-01-22,683974.3817722393
2025-01-23,688463.7117722393
2025-01-24,689628.2817722393
2025-01-27,660603.4717722392
2025-01-28,674817.5017722391
2025-01-29,676895.3117722394
2025-01-30,684413.7617722391
2025-01-31,679093.4417722394
2025-02-03,677088.7275221325
2025-02-04,682535.2075221324
2025-02-05,691143.2975221324
2025-02-06,695378.1975221323
2025-02-07,692724.4575221324
2025-02-10,695020.9175221323
2025-02-11,688025.1475221321
2025-02-12,689476.7675221324
2025-02-13,700839.9775221325
2025-02-14,705696.0475221328
2025-02-18,710212.3975221323
2025-02-19,706824.0475221325
2025-02-20,688748.1775221323
2025-02-21,665797.2175221324
2025-02-24,660118.1275221322
2025-02-25,651161.4975221324
2025-02-26,660100.5475221324
2025-02-27,647329.3675221326
2025-02-28,659520.8675221325
2025-03-03,645925.5445936655
2025-03-04,631114.0945936657
2025-03-05,636658.1245936657
2025-03-06,610879.6445936656
2025-03-07,610329.1045936657
2025-03-10,587548.1245936656
2025-03-11,589737.9445936655
2025-03-12,595845.6645936656
2025-03-13,582695.6845936655
2025-03-14,598390.2945936655
2025-03-17,608996.0345936656
2025-03-18,598733.7245936657
2025-03-19,611417.8245936658
2025-03-20,612077.4845936657
2025-03-21,611457.6945936655
2025-03-24,628449.1245936656
2025-03-25,631274.3445936656
2025-03-26,623373.3445936656
2025-03-27,615999.3145936655
2025-03-28,606769.3045936658
2025-03-31,611023.9645936657
2025-04-01,616178.8553447793
2025-04-02,624112.2753447794
2025-04-03,591398.7053447795
2025-04-04,548708.2553447792
2025-04-07,550323.0853447797
2025-04-08,544512.1353447795
2025-04-09,590564.8653447796
2025-04-10,572845.0053447793
2025-04-11,580249.4453447795
2025-04-14,586291.8453447797
2025-04-15,591273.5553447794
2025-04-16,580539.9553447794
2025-04-17,583527.2353447796
2025-04-21,567251.0053447797
2025-04-22,584176.1853447794
2025-04-23,594136.2553447793
2025-04-24,603103.3253447794
2025-04-25,605727.0453447796
2025-04-28,609804.5053447795
2025-04-29,614166.2853447796
2025-04-30,614342.8153447793
2025-05-01,613214.9362652659
2025-05-02,624402.106265266
2025-05-05,624669.0962652661
2025-05-06,621946.906265266
2025-05-07,624475.966265266
2025-05-08,628015.5662652658
2025-05-09,626186.126265266
2025-05-12,634377.5362652658
2025-05-13,643822.2762652659
2025-05-14,641989.1862652662
2025-05-15,647768.2562652658
2025-05-16,654927.6362652661
2025-05-19,659058.0162652659
2025-05-20,658435.156265266
2025-05-21,648363.706265266
2025-05-22,646301.2362652657
2025-05-23,649086.0062652659
2025-05-27,657582.8362652657
2025-05-28,655139.666265266
2025-05-29,651074.2062652659
2025-05-30,657289.4162652661
2025-06-02,662635.1055760266
2025-06-03,667436.1955760262
2025-06-04,664260.9355760262
2025-06-05,661534.7555760265
2025-06-06,668329.5055760263
2025-06-09,662850.3955760264
2025-06-10,658243.8055760263
2025-06-11,661540.5555760263
2025-06-12,662056.4555760263
2025-06-13,654526.7355760264
2025-06-16,666542.7655760266
2025-06-17,662990.2555760266
2025-06-18,666337.7855760262
2025-06-20,667631.5955760262
2025-06-23,675051.0555760264
2025-06-24,683082.6255760266
2025-06-25,677589.3855760264
2025-06-26,684840.1455760264
2025-06-27,690400.5155760264
2025-06-30,698665.3055760262
2025-07-01,686469.6172818829
2025-07-02,692526.7872818827
2025-07-03,699688.7572818826
2025-07-07,700307.2972818827
2025-07-08,692138.6772818828
2025-07-09,698002.0172818829
2025-07-10,700295.7372818828
2025-07-11,697562.5872818828
2025-07-14,707079.0872818825
2025-07-15,700718.0072818829
2025-07-16,702252.6972818827
2025-07-17,707983.0472818827
2025-07-18,714881.8472818828
2025-07-21,709141.2572818828
2025-07-22,704312.9272818827
2025-07-23,713877.3972818828
2025-07-24,712886.5572818831
2025-07-25,721107.4272818825
2025-07-28,722321.467281883
2025-07-29,716627.6372818826
2025-07-30,721508.2172818825
2025-07-31,721220.8672818828
2025-08-01,707463.954915664
2025-08-04,719304.1949156641
2025-08-05,714886.2349156645
2025-08-06,715317.5349156643
2025-08-07,715544.8249156642
2025-08-08,716697.234915664
2025-08-11,715844.584915664
2025-08-12,724672.2049156643
2025-08-13,721214.3649156643
2025-08-14,714937.6149156642
2025-08-15,712078.9849156641
2025-08-18,715321.4449156643
2025-08-19,703615.2649156641
2025-08-20,704040.5749156643
2025-08-21,702574.5549156643
2025-08-22,712845.3849156642
2025-08-25,711731.3749156642
2025-08-26,718509.3549156642
2025-08-27,718812.094915664
2025-08-28,724900.4349156644
2025-08-29,712937.4449156643
2025-09-02,712155.0491851114
2025-09-03,712768.7891851114
2025-09-04,721483.8991851113
2025-09-05,719271.8791851114
2025-09-08,726015.4691851116
2025-09-09,729054.6591851114
2025-09-10,738979.0691851114
2025-09-11,742686.7291851116
2025-09-12,739694.3891851115
2025-09-15,746183.7191851116
2025-09-16,743124.5291851116
2025-09-17,743950.6491851115
2025-09-18,754212.6491851116
2025-09-19,758114.3991851116
2025-09-22,761447.9491851116
2025-09-23,762700.6591851114
2025-09-24,756433.3991851117
2025-09-25,748755.0091851115
2025-09-26,756859.8191851114
2025-09-29,764443.1691851116
2025-09-30,768269.2991851117
2025-10-01,771165.7086457134
2025-10-02,773399.3386457135
2025-10-03,768371.4386457131
2025-10-06,770888.9486457134
2025-10-07,765209.0486457134
2025-10-08,774253.8786457136
2025-10-09,768155.1886457131
2025-10-10,741056.0086457132
2025-10-13,759987.4886457133
2025-10-14,757171.5686457132
2025-10-15,767982.7286457133
2025-10-16,767344.7086457133
2025-10-17,761441.1086457132
2025-10-20,768046.4586457132
2025-10-21,765462.2386457133
2025-10-22,755224.5286457133
2025-10-23,772355.1386457133
2025-10-24,785953.9086457132
2025-10-27,794160.3886457131
2025-10-28,791159.7586457131
2025-10-29,801672.5286457132
2025-10-30,785589.7486457134
2025-10-31,787321.7286457133
2025-11-03,794493.0971546246
2025-11-04,774969.3471546244
2025-11-05,786720.7171546248
2025-11-06,774376.2871546245
2025-11-07,778797.8271546244
2025-11-10,795359.7971546244
2025-11-11,790293.8271546243
2025-11-12,790140.2571546247
2025-11-13,765872.1971546245
2025-11-14,766810.8671546245
2025-11-17,760337.5571546245
2025-11-18,754704.4171546248
2025-11-19,759982.1571546247
2025-11-20,735590.6971546245
2025-11-21,741908.2271546244
2025-11-24,764541.2271546244
2025-11-25,771432.5371546246
2025-11-26,783999.1771546244
2025-11-28,790342.4371546241
2025-12-01,783105.6731653288
2025-12-02,784879.6431653287
2025-12-03,782321.7331653285
2025-12-04,788122.0631653286
2025-12-05,794059.8431653285
2025-12-08,795121.2231653285
2025-12-09,796672.4431653285
2025-12-10,812616.5331653287
2025-12-11,816791.5731653286
2025-12-12,793879.4231653286
2025-12-15,793557.4931653285
2025-12-16,790837.7431653282
2025-12-17,773556.4231653282
2025-12-18,786656.9131653283
2025-12-19,801757.2631653287
2025-12-22,807685.9331653286
2025-12-23,807424.0731653285
2025-12-24,811257.0931653286
2025-12-26,811645.4631653283
2025-12-29,807204.6831653282
2025-12-30,803751.0531653288
